{
 "DISCORD_EMPLOYEE": "<:stafftools:314348604095594498>",
 "DISCORD_PARTNER": "<:partnernew:754032603081998336>",
 "PARTNERED_SERVER_OWNER": "<:partnernew:754032603081998336>",
 "BUGHUNTER_LEVEL_1": "<:bughunter:585765206769139723>",
 "BUGHUNTER_LEVEL_2": "<:bughunter:585765206769139723>",
 "HYPESQUAD_EVENTS": "<:hypesquad_events:585765895939424258>",
 "HOUSE_BRAVERY": "<:bravery:585763004218343426>",
 "HOUSE_BALANCE": "<:balance:585763004574859273>",
 "HOUSE_BRILLIANCE": "<:brilliance:585763004495298575>",
 "TEAM_USER": " <:nitro:314068430611415041>",
 "EARLY_SUPPORTER": " <:supporter:585763690868113455>",
 "EARLY_VERIFIED_DEVELOPER": "<:botdeveloper:786916920245878796>",
 "SYSTEM": "<:settings:585767366743293952>",
 "VERIFIED_BOT": "<:botTag:230105988211015680>"
}